{
  "project_info": {
    "project_number": "643021993751",
    "project_id": "awesome-post-436107-h1",
    "storage_bucket": "awesome-post-436107-h1.firebasestorage.app"
  },
  "client": [
    {
      "client_info": {
        "mobilesdk_app_id": "1:643021993751:android:355e9f3832da633bb96952",
        "android_client_info": {
          "package_name": "com.example.ecommerce_app1"
        }
      },
      "oauth_client": [],
      "api_key": [
        {
          "current_key": "AIzaSyCMUrHtAoxQBmHAKgXekZ43ElO7A6uaWvE"
        }
      ],
      "services": {
        "appinvite_service": {
          "other_platform_oauth_client": []
        }
      }
    }
  ],
  "configuration_version": "1"
}